sample_id,pp_percent,pet_percent,ps_percent,total_percent
S1_S4_S7_S10_FX10FX17_2026_06_30_14_54_02_S1,3.190224,0.000000,0.000000,3.190224
S1_S4_S7_S10_FX10FX17_2026_06_30_14_54_02_S4,0.000000,0.901957,0.000000,0.901957
S1_S4_S7_S10_FX10FX17_2026_06_30_14_54_02_S7,0.000000,0.000000,0.854847,0.854847
S1_S4_S7_S10_FX10FX17_2026_06_30_14_54_02_S10,0.000000,0.000000,0.000000,0.000000