sample_id,dish_name,path,pred_pp_percent,pred_pet_percent,pred_ps_percent,pred_total_percent,std_pp_percent,std_pet_percent,std_ps_percent,std_total_percent
S1_S4_S7_S10_FX10FX17_2026_06_30_14_54_02_S1,s1,microplastic/S1_S4_S7_S10_2026_06_30_14_54_02/Merged/S1_S4_S7_S10_FX10FX17_2026_06_30_14_54_02_S1.npz,1.6644665002822876,0.054130688309669495,0.05456777289509773,1.773164987564087,0.666105883968393,0.17638451365620617,0.1732095270617393,0.4884944377493182
S1_S4_S7_S10_FX10FX17_2026_06_30_14_54_02_S10,s10,microplastic/S1_S4_S7_S10_2026_06_30_14_54_02/Merged/S1_S4_S7_S10_FX10FX17_2026_06_30_14_54_02_S10.npz,0.0,0.0,0.0,0.0,0.4518425978684292,0.18761182616951455,0.13716878534030552,0.4518296342590295
S1_S4_S7_S10_FX10FX17_2026_06_30_14_54_02_S4,s4,microplastic/S1_S4_S7_S10_2026_06_30_14_54_02/Merged/S1_S4_S7_S10_FX10FX17_2026_06_30_14_54_02_S4.npz,0.10233128070831299,0.5285246968269348,0.04290547966957092,0.6737614870071411,0.3606899904461662,0.30453948673316883,0.15552917379047765,0.33059262790283467
S1_S4_S7_S10_FX10FX17_2026_06_30_14_54_02_S7,s7,microplastic/S1_S4_S7_S10_2026_06_30_14_54_02/Merged/S1_S4_S7_S10_FX10FX17_2026_06_30_14_54_02_S7.npz,0.15404759347438812,0.054130688309669495,0.5258882641792297,0.7340665459632874,0.4298262476921081,0.17638451365620617,0.2872242106370353,0.32384615073995304
