sample_id,dish_name,path,pred_pp_percent,pred_pet_percent,pred_ps_percent,pred_total_percent
S1_S4_S7_S10_FX10FX17_2026_06_30_14_54_02_S1,s1,microplastic/S1_S4_S7_S10_2026_06_30_14_54_02/Merged/S1_S4_S7_S10_FX10FX17_2026_06_30_14_54_02_S1.npz,2.309722126960754,0.07937221384048462,0.09403317153453827,2.4831275123357774
S1_S4_S7_S10_FX10FX17_2026_06_30_14_54_02_S10,s10,microplastic/S1_S4_S7_S10_2026_06_30_14_54_02/Merged/S1_S4_S7_S10_FX10FX17_2026_06_30_14_54_02_S10.npz,0.3445441846847534,0.09380352544784545,0.10600102972984314,0.544348739862442
S1_S4_S7_S10_FX10FX17_2026_06_30_14_54_02_S4,s4,microplastic/S1_S4_S7_S10_2026_06_30_14_54_02/Merged/S1_S4_S7_S10_FX10FX17_2026_06_30_14_54_02_S4.npz,0.24883746671676635,0.6205463991165161,0.08548470139503479,0.9548685672283173
S1_S4_S7_S10_FX10FX17_2026_06_30_14_54_02_S7,s7,microplastic/S1_S4_S7_S10_2026_06_30_14_54_02/Merged/S1_S4_S7_S10_FX10FX17_2026_06_30_14_54_02_S7.npz,0.2424570188522339,0.12266614866256714,0.5488117829561233,0.9139349504709243
