dish,PP_percent,PET_percent,PS_percent,total_microplastic_percent,sample_id,path
S1,1.821628,0.052776,0.053266,1.92767,S1_S4_S7_S10_FX10FX17_2026_06_30_14_54_02_S1,microplastic/S1_S4_S7_S10_2026_06_30_14_54_02/Merged/S1_S4_S7_S10_FX10FX17_2026_06_30_14_54_02_S1.npz
S10,0.0,0.0,0.0,0.0,S1_S4_S7_S10_FX10FX17_2026_06_30_14_54_02_S10,microplastic/S1_S4_S7_S10_2026_06_30_14_54_02/Merged/S1_S4_S7_S10_FX10FX17_2026_06_30_14_54_02_S10.npz
S4,0.089768,0.534432,0.039047,0.663247,S1_S4_S7_S10_FX10FX17_2026_06_30_14_54_02_S4,microplastic/S1_S4_S7_S10_2026_06_30_14_54_02/Merged/S1_S4_S7_S10_FX10FX17_2026_06_30_14_54_02_S4.npz
S7,0.154048,0.054131,0.525888,0.734067,S1_S4_S7_S10_FX10FX17_2026_06_30_14_54_02_S7,microplastic/S1_S4_S7_S10_2026_06_30_14_54_02/Merged/S1_S4_S7_S10_FX10FX17_2026_06_30_14_54_02_S7.npz
