sample_id,dish_name,path,pred_pp_percent,pred_pet_percent,pred_ps_percent,pred_total_percent,std_pp_percent,std_pet_percent,std_ps_percent,std_total_percent
S1_S4_S7_S10_FX10FX17_2026_06_30_14_54_02_S1,s1,microplastic/S1_S4_S7_S10_2026_06_30_14_54_02/Merged/S1_S4_S7_S10_FX10FX17_2026_06_30_14_54_02_S1.npz,1.8216280937194824,0.05277619510889053,0.05326554924249649,1.927669882774353,0.6404651481093983,0.17440988363190324,0.17137080320927175,0.47949584707352033
S1_S4_S7_S10_FX10FX17_2026_06_30_14_54_02_S10,s10,microplastic/S1_S4_S7_S10_2026_06_30_14_54_02/Merged/S1_S4_S7_S10_FX10FX17_2026_06_30_14_54_02_S10.npz,0.0,0.0,0.0,0.0,0.4518425978684292,0.18761182616951455,0.13716878534030552,0.4518296342590295
S1_S4_S7_S10_FX10FX17_2026_06_30_14_54_02_S4,s4,microplastic/S1_S4_S7_S10_2026_06_30_14_54_02/Merged/S1_S4_S7_S10_FX10FX17_2026_06_30_14_54_02_S4.npz,0.08976845443248749,0.534432053565979,0.03904678300023079,0.663247287273407,0.3402602602055989,0.30320931071826024,0.14898643088572933,0.3304695979696461
S1_S4_S7_S10_FX10FX17_2026_06_30_14_54_02_S7,s7,microplastic/S1_S4_S7_S10_2026_06_30_14_54_02/Merged/S1_S4_S7_S10_FX10FX17_2026_06_30_14_54_02_S7.npz,0.15404759347438812,0.054130688309669495,0.5258882641792297,0.7340665459632874,0.4298262476921081,0.17638451365620617,0.2872242106370353,0.32384615073995304
