dish,PP_percent,PET_percent,PS_percent,total_microplastic_percent,sample_id,path
S1,1.664467,0.054131,0.054568,1.773165,S1_S4_S7_S10_FX10FX17_2026_06_30_14_54_02_S1,microplastic/S1_S4_S7_S10_2026_06_30_14_54_02/Merged/S1_S4_S7_S10_FX10FX17_2026_06_30_14_54_02_S1.npz
S10,0.0,0.0,0.0,0.0,S1_S4_S7_S10_FX10FX17_2026_06_30_14_54_02_S10,microplastic/S1_S4_S7_S10_2026_06_30_14_54_02/Merged/S1_S4_S7_S10_FX10FX17_2026_06_30_14_54_02_S10.npz
S4,0.102331,0.528525,0.042905,0.673761,S1_S4_S7_S10_FX10FX17_2026_06_30_14_54_02_S4,microplastic/S1_S4_S7_S10_2026_06_30_14_54_02/Merged/S1_S4_S7_S10_FX10FX17_2026_06_30_14_54_02_S4.npz
S7,0.154048,0.054131,0.525888,0.734067,S1_S4_S7_S10_FX10FX17_2026_06_30_14_54_02_S7,microplastic/S1_S4_S7_S10_2026_06_30_14_54_02/Merged/S1_S4_S7_S10_FX10FX17_2026_06_30_14_54_02_S7.npz
